Epoch,Precision,Recall,Accuracy,AUROC,F1,Best Epoch
5,0.0,0.0,0.9637065637065637,0.7437048213311511,0.0,0
10,0.07729468599033816,0.1702127659574468,0.8961389961389962,0.7331943876159301,0.10631229235880399,10
15,0.036293436293436294,1.0,0.036293436293436294,0.6997813522913257,0.07004470938897168,15
20,0.036293436293436294,1.0,0.036293436293436294,0.7118346801691215,0.07004470938897168,20
